x,y,z
8958.4,-14892.400000000001,6136.78
8464.739622641508,-14893.154716981133,6136.67358490566
7971.079245283019,-14893.909433962266,6136.567169811321
7477.418867924527,-14894.664150943398,6136.460754716981
6983.758490566038,-14895.418867924529,6136.354339622641
6490.098113207547,-14896.17358490566,6136.247924528302
5996.4377358490565,-14896.928301886795,6136.141509433963
5502.777358490566,-14897.683018867927,6136.035094339622
5009.116981132076,-14898.437735849058,6135.928679245283
4515.456603773586,-14899.192452830192,6135.822264150944
4021.7962264150938,-14899.947169811323,6135.715849056604
3528.1358490566035,-14900.701886792454,6135.609433962265
3034.475471698113,-14901.456603773586,6135.503018867925
2540.815094339622,-14902.211320754719,6135.396603773585
2047.154716981132,-14902.966037735852,6135.290188679246
1553.4943396226417,-14903.720754716982,6135.183773584906
1059.8339622641506,-14904.475471698115,6135.077358490566
566.1735849056604,-14905.230188679248,6134.970943396227
72.51320754717017,-14905.98490566038,6134.864528301887
-421.14716981132005,-14906.739622641511,6134.7581132075475
-914.8075471698112,-14907.494339622644,6134.651698113208
-1408.4679245283014,-14908.249056603776,6134.545283018868
-1902.1283018867925,-14909.003773584907,6134.438867924529
-2395.7886792452828,-14909.75849056604,6134.332452830189
-2889.449056603775,-14910.513207547172,6134.226037735849
-5357.750943396227,-14914.286792452831,6133.693962264151
-5851.411320754718,-14915.041509433962,6133.587547169811
-6345.071698113209,-14915.796226415096,6133.4811320754725
-6838.732075471698,-14916.550943396227,6133.374716981132
-7332.39245283019,-14917.305660377362,6133.268301886793
-7826.052830188679,-14918.060377358492,6133.1618867924535
-8319.71320754717,-14918.815094339625,6133.055471698113
-8813.373584905661,-14919.569811320756,6132.949056603774
-9307.033962264151,-14920.324528301888,6132.842641509434
-9800.694339622642,-14921.079245283021,6132.736226415094
-10294.354716981132,-14921.833962264152,6132.629811320755
-10788.015094339624,-14922.588679245284,6132.523396226416
-11281.675471698112,-14923.343396226417,6132.416981132075
-11775.335849056604,-14924.098113207549,6132.310566037736
-12268.996226415094,-14924.85283018868,6132.204150943397
-12762.656603773585,-14925.607547169813,6132.097735849057
-13256.316981132075,-14926.362264150945,6131.991320754717
-13749.977358490565,-14927.116981132078,6131.884905660378
-14243.637735849057,-14927.87169811321,6131.778490566038
-14737.29811320755,-14928.626415094343,6131.672075471698
-15230.958490566041,-14929.381132075474,6131.565660377359
-15724.61886792453,-14930.135849056605,6131.459245283019
-16218.27924528302,-14930.890566037737,6131.35283018868
-16711.939622641512,-14931.64528301887,6131.24641509434
-17205.600000000002,-14932.400000000001,6131.14
8958.800000000001,-13903.5,6136.759999999999
8465.13962264151,-13904.254716981131,6136.65358490566
7971.479245283019,-13905.009433962265,6136.54716981132
7477.81886792453,-13905.764150943396,6136.440754716981
6984.158490566039,-13906.51886792453,6136.334339622641
6490.498113207548,-13907.27358490566,6136.227924528302
5996.837735849058,-13908.028301886794,6136.121509433961
5503.177358490567,-13908.783018867925,6136.015094339622
5009.5169811320775,-13909.537735849059,6135.908679245283
4515.856603773585,-13910.292452830188,6135.802264150943
4022.196226415096,-13911.047169811322,6135.695849056603
3528.535849056605,-13911.801886792453,6135.589433962264
3034.875471698114,-13912.556603773584,6135.483018867924
2541.2150943396236,-13913.311320754718,6135.376603773585
2047.5547169811325,-13914.066037735849,6135.270188679246
1553.8943396226432,-13914.820754716982,6135.163773584905
1060.233962264152,-13915.575471698114,6135.057358490566
566.5735849056618,-13916.330188679247,6134.950943396226
72.91320754717071,-13917.084905660378,6134.844528301886
-420.7471698113186,-13917.83962264151,6134.738113207547
-914.4075471698097,-13918.594339622643,6134.631698113208
-1408.0679245283,-13919.349056603776,6134.525283018867
-1901.728301886791,-13920.103773584906,6134.418867924529
-2395.3886792452813,-13920.85849056604,6134.312452830189
-2889.0490566037734,-13921.613207547169,6134.206037735848
-5357.350943396226,-13925.386792452831,6133.673962264151
-5851.0113207547165,-13926.141509433963,6133.5675471698105
-6344.671698113208,-13926.896226415094,6133.461132075472
-6838.332075471697,-13927.650943396226,6133.354716981132
-7331.992452830187,-13928.405660377359,6133.248301886792
-7825.652830188679,-13929.16037735849,6133.141886792453
-8319.31320754717,-13929.915094339623,6133.035471698113
-8812.97358490566,-13930.669811320755,6132.929056603773
-9306.63396226415,-13931.424528301886,6132.822641509434
-9800.29433962264,-13932.17924528302,6132.716226415094
-10293.954716981132,-13932.933962264151,6132.6098113207545
-10787.61509433962,-13933.688679245284,6132.503396226415
-11281.27547169811,-13934.443396226416,6132.396981132075
-11774.935849056603,-13935.198113207549,6132.290566037736
-12268.596226415093,-13935.952830188678,6132.184150943396
-12762.256603773585,-13936.707547169812,6132.077735849057
-13255.916981132073,-13937.462264150943,6131.9713207547165
-13749.577358490564,-13938.216981132075,6131.864905660377
-14243.237735849056,-13938.971698113208,6131.758490566037
-14736.898113207548,-13939.72641509434,6131.652075471698
-15230.558490566038,-13940.48113207547,6131.545660377358
-15724.21886792453,-13941.235849056604,6131.439245283018
-16217.87924528302,-13941.990566037735,6131.3328301886795
-16711.53962264151,-13942.745283018869,6131.226415094339
-17205.2,-13943.5,6131.12
8954.471428571429,-10445.885714285716,6126.5771428571425
8460.811051212937,-10446.640431266846,6126.470727762803
7967.150673854448,-10447.395148247979,6126.364312668464
7473.490296495956,-10448.149865229112,6126.2578975741235
6979.829919137466,-10448.904582210242,6126.151482479784
6486.169541778975,-10449.659299191375,6126.045067385445
5992.509164420485,-10450.414016172508,6125.938652291105
5498.848787061995,-10451.168733153641,6125.832237196765
5005.1884097035045,-10451.923450134771,6125.725822102426
4511.528032345014,-10452.678167115904,6125.6194070080865
4017.867654986522,-10453.432884097037,6125.512991913747
3524.207277628032,-10454.187601078167,6125.406576819408
3030.5469002695413,-10454.9423180593,6125.3001617250675
2536.8865229110506,-10455.697035040434,6125.193746630728
2043.2261455525606,-10456.451752021567,6125.087331536389
1549.5657681940704,-10457.206469002696,6124.9809164420485
1055.9053908355793,-10457.96118598383,6124.874501347709
562.245013477089,-10458.715902964963,6124.76808625337
68.58463611859874,-10459.470619946092,6124.6616711590295
-425.0757412398915,-10460.225336927226,6124.55525606469
-918.7361185983826,-10460.980053908359,6124.448840970351
-1412.3964959568727,-10461.734770889489,6124.342425876011
-1906.0568733153639,-10462.489487870622,6124.236010781672
-2399.7172506738543,-10463.244204851755,6124.129595687332
-2893.3776280323464,-10463.998921832885,6124.023180592992
-5361.679514824798,-10467.772506738544,6123.491105121294
-5855.3398921832895,-10468.527223719677,6123.384690026954
-6349.000269541781,-10469.28194070081,6123.278274932615
-6842.66064690027,-10470.03665768194,6123.171859838275
-7336.321024258762,-10470.791374663077,6123.065444743936
-7829.98140161725,-10471.546091644206,6122.959029649596
-8323.641778975742,-10472.30080862534,6122.852614555256
-8817.302156334232,-10473.055525606469,6122.746199460917
-9310.962533692722,-10473.810242587602,6122.639784366576
-9804.622911051212,-10474.564959568736,6122.533369272237
-10298.283288409702,-10475.319676549865,6122.426954177898
-10791.943665768194,-10476.074393530998,6122.320539083558
-11285.604043126683,-10476.829110512132,6122.214123989218
-11779.264420485175,-10477.583827493261,6122.107708894879
-12272.924797843665,-10478.338544474394,6122.001293800539
-12766.585175202155,-10479.093261455528,6121.8948787062
-13260.245552560646,-10479.847978436657,6121.78846361186
-13753.905929919136,-10480.60269541779,6121.68204851752
-14247.566307277628,-10481.357412398924,6121.575633423181
-14741.22668463612,-10482.112129380057,6121.469218328841
-15234.887061994612,-10482.866846361187,6121.362803234501
-15728.5474393531,-10483.62156334232,6121.256388140162
-16222.20781671159,-10484.37628032345,6121.149973045823
-16715.868194070084,-10485.130997304583,6121.043557951482
-17209.528571428575,-10485.885714285716,6120.937142857143
8954.87142857143,-9456.985714285714,6126.557142857142
8461.21105121294,-9457.740431266844,6126.450727762803
7967.550673854447,-9458.495148247977,6126.344312668462
7473.890296495959,-9459.24986522911,6126.237897574124
6980.229919137468,-9460.004582210244,6126.131482479784
6486.569541778977,-9460.759299191373,6126.025067385444
5992.909164420486,-9461.514016172507,6125.918652291104
5499.248787061995,-9462.26873315364,6125.812237196765
5005.588409703506,-9463.023450134773,6125.705822102425
4511.928032345014,-9463.778167115903,6125.599407008086
4018.2676549865246,-9464.532884097036,6125.492991913746
3524.6072776280334,-9465.287601078166,6125.386576819406
3030.9469002695423,-9466.042318059299,6125.280161725067
2537.286522911052,-9466.797035040432,6125.173746630728
2043.6261455525612,-9467.551752021562,6125.067331536388
1549.9657681940719,-9468.306469002695,6124.960916442048
1056.3053908355807,-9469.061185983828,6124.854501347709
562.6450134770904,-9469.815902964961,6124.7480862533685
68.98463611859928,-9470.570619946091,6124.641671159029
-424.67574123989004,-9471.325336927224,6124.53525606469
-918.3361185983812,-9472.080053908358,6124.42884097035
-1411.9964959568713,-9472.83477088949,6124.32242587601
-1905.6568733153624,-9473.58948787062,6124.216010781672
-2399.317250673853,-9474.344204851754,6124.109595687331
-2892.977628032345,-9475.098921832883,6124.003180592991
-5361.279514824798,-9478.872506738546,6123.4711051212935
-5854.939892183288,-9479.627223719675,6123.364690026953
-6348.600269541779,-9480.381940700809,6123.258274932615
-6842.2606469002685,-9481.136657681938,6123.1518598382745
-7335.921024258759,-9481.891374663071,6123.045444743935
-7829.581401617251,-9482.646091644205,6122.939029649596
-8323.24177897574,-9483.400808625338,6122.8326145552555
-8816.90215633423,-9484.155525606468,6122.726199460915
-9310.56253369272,-9484.9102425876,6122.619784366577
-9804.22291105121,-9485.664959568734,6122.513369272237
-10297.883288409703,-9486.419676549864,6122.406954177897
-10791.543665768191,-9487.174393530997,6122.300539083558
-11285.204043126681,-9487.92911051213,6122.194123989218
-11778.864420485173,-9488.683827493263,6122.087708894879
-12272.524797843664,-9489.438544474393,6121.981293800539
-12766.185175202156,-9490.193261455526,6121.8748787061995
-13259.845552560644,-9490.947978436656,6121.768463611859
-13753.505929919134,-9491.702695417789,6121.66204851752
-14247.166307277626,-9492.457412398922,6121.55563342318
-14740.826684636118,-9493.212129380052,6121.44921832884
-15234.487061994609,-9493.966846361185,6121.342803234501
-15728.1474393531,-9494.721563342318,6121.236388140161
-16221.807816711591,-9495.476280323448,6121.129973045822
-16715.468194070083,-9496.230997304581,6121.023557951482
-17209.128571428573,-9496.985714285714,6120.917142857143
8950.542857142857,-5999.371428571429,6116.374285714285
8456.882479784364,-6000.12614555256,6116.267870619946
7963.222102425876,-6000.880862533693,6116.1614555256065
7469.561725067384,-6001.635579514825,6116.055040431266
6975.901347708895,-6002.390296495956,6115.948625336927
6482.240970350404,-6003.145013477088,6115.8422102425875
5988.580592991913,-6003.899730458223,6115.735795148248
5494.920215633423,-6004.654447439354,6115.629380053908
5001.259838274933,-6005.4091644204855,6115.5229649595685
4507.599460916443,-6006.163881401619,6115.416549865229
4013.939083557951,-6006.91859838275,6115.31013477089
3520.278706199461,-6007.673315363882,6115.2037196765505
3026.61832884097,-6008.428032345013,6115.09730458221
2532.9579514824795,-6009.182749326146,6114.990889487871
2039.297574123989,-6009.9374663072795,6114.8844743935315
1545.6371967654989,-6010.692183288409,6114.778059299191
1051.9768194070077,-6011.446900269542,6114.671644204852
558.3164420485175,-6012.201617250676,6114.5652291105125
64.6560646900273,-6012.956334231807,6114.458814016172
-429.0043126684629,-6013.711051212938,6114.352398921833
-922.6646900269541,-6014.465768194072,6114.245983827494
-1416.3250673854443,-6015.220485175203,6114.139568733153
-1909.9854447439354,-6015.9752021563345,6114.033153638815
-2403.6458221024254,-6016.729919137468,6113.926738544475
-2897.3061994609175,-6017.484636118599,6113.820323450134
-5365.60808625337,-6021.258221024258,6113.288247978437
-5859.268463611861,-6022.0129380053895,6113.181832884096
-6352.928840970352,-6022.767654986523,6113.075417789758
-6846.5892183288415,-6023.522371967654,6112.969002695418
-7340.249595687334,-6024.277088948789,6112.862587601078
-7833.909973045822,-6025.031805929919,6112.756172506739
-8327.570350404314,-6025.786522911052,6112.649757412399
-8821.230727762804,-6026.5412398921835,6112.543342318059
-9314.891105121294,-6027.295956873315,6112.436927223719
-9808.551482479785,-6028.050673854448,6112.33051212938
-10302.211859838275,-6028.80539083558,6112.22409703504
-10795.872237196767,-6029.560107816711,6112.117681940701
-11289.532614555255,-6030.314824797844,6112.011266846361
-11783.192991913747,-6031.069541778976,6111.904851752021
-12276.853369272238,-6031.824258760107,6111.798436657682
-12770.513746630728,-6032.57897574124,6111.692021563343
-13264.174123989218,-6033.333692722372,6111.585606469002
-13757.834501347708,-6034.088409703505,6111.479191374663
-14251.4948787062,-6034.843126684636,6111.372776280324
-14745.155256064692,-6035.59784366577,6111.266361185983
-15238.815633423184,-6036.352560646901,6111.159946091644
-15732.476010781673,-6037.1072776280325,6111.053530997305
-16226.136388140163,-6037.861994609164,6110.947115902965
-16719.796765498653,-6038.616711590297,6110.840700808625
-17213.457142857143,-6039.371428571429,6110.734285714286
8950.942857142858,-5010.471428571427,6116.354285714285
8457.282479784368,-5011.226145552559,6116.247870619945
7963.622102425876,-5011.980862533692,6116.141455525605
7469.961725067387,-5012.735579514823,6116.035040431267
6976.301347708896,-5013.4902964959565,6115.928625336926
6482.640970350405,-5014.245013477088,6115.822210242587
5988.980592991915,-5014.999730458221,6115.715795148247
5495.320215633424,-5015.754447439353,6115.609380053907
5001.659838274934,-5016.509164420486,6115.502964959568
4507.999460916442,-5017.263881401615,6115.396549865229
4014.3390835579535,-5018.018598382749,6115.2901347708885
3520.6787061994623,-5018.77331536388,6115.183719676549
3027.018328840971,-5019.5280323450115,6115.07730458221
2533.357951482481,-5020.282749326145,6114.97088948787
2039.6975741239896,-5021.037466307276,6114.864474393531
1546.0371967655003,-5021.792183288409,6114.758059299191
1052.3768194070092,-5022.546900269541,6114.651644204851
558.716442048519,-5023.301617250674,6114.545229110511
65.05606469002785,-5024.0563342318055,6114.438814016172
-428.60431266846143,-5024.811051212937,6114.3323989218325
-922.2646900269526,-5025.56576819407,6114.225983827493
-1415.9250673854428,-5026.320485175203,6114.119568733153
-1909.585444743934,-5027.075202156333,6114.013153638814
-2403.245822102424,-5027.829919137466,6113.906738544474
-2896.906199460916,-5028.584636118596,6113.800323450134
-5365.208086253369,-5032.3582210242585,6113.268247978436
-5858.86846361186,-5033.11293800539,6113.161832884096
-6352.528840970351,-5033.867654986521,6113.0554177897575
-6846.18921832884,-5034.622371967653,6112.949002695417
-7339.84959568733,-5035.377088948786,6112.842587601078
-7833.509973045822,-5036.131805929917,6112.7361725067385
-8327.170350404313,-5036.886522911051,6112.629757412398
-8820.830727762803,-5037.641239892182,6112.523342318058
-9314.491105121293,-5038.3959568733135,6112.4169272237195
-9808.151482479783,-5039.150673854447,6112.310512129379
-10301.811859838275,-5039.905390835578,6112.20409703504
-10795.472237196764,-5040.660107816711,6112.097681940701
-11289.132614555254,-5041.414824797843,6111.99126684636
-11782.792991913746,-5042.169541778976,6111.884851752022
-12276.453369272236,-5042.924258760106,6111.778436657682
-12770.113746630728,-5043.678975741239,6111.672021563342
-13263.774123989217,-5044.43369272237,6111.565606469002
-13757.434501347707,-5045.188409703502,6111.459191374663
-14251.094878706199,-5045.943126684635,6111.352776280322
-14744.755256064691,-5046.697843665766,6111.246361185983
-15238.415633423181,-5047.452560646898,6111.139946091644
-15732.076010781673,-5048.207277628031,6111.033530997303
-16225.736388140163,-5048.9619946091625,6110.927115902965
-16719.39676549865,-5049.716711590296,6110.820700808625
-17213.057142857142,-5050.471428571427,6110.714285714285
8946.614285714286,-1552.8571428571413,6106.171428571428
8452.953908355794,-1553.6118598382727,6106.0650134770885
7959.2935309973045,-1554.366576819406,6105.958598382749
7465.6331536388125,-1555.1212938005374,6105.852183288409
6971.972776280323,-1555.8760107816688,6105.74576819407
6478.312398921832,-1556.6307277628002,6105.63935309973
5984.652021563342,-1557.3854447439353,6105.532938005391
5490.991644204852,-1558.1401617250667,6105.426522911051
4997.331266846361,-1558.8948787061981,6105.320107816711
4503.670889487871,-1559.6495956873314,6105.213692722372
4010.0105121293795,-1560.4043126684628,6105.1072776280325
3516.3501347708893,-1561.1590296495942,6105.000862533693
3022.6897574123986,-1561.9137466307257,6104.894447439353
2529.029380053908,-1562.668463611859,6104.788032345014
2035.3690026954177,-1563.4231805929921,6104.681617250674
1541.7086253369275,-1564.1778975741217,6104.575202156334
1048.0482479784364,-1564.932614555255,6104.468787061995
554.387870619946,-1565.6873315363882,6104.362371967655
60.727493261455884,-1566.4420485175197,6104.255956873315
-432.93288409703433,-1567.196765498651,6104.149541778976
-926.5932614555255,-1567.9514824797843,6104.043126684636
-1420.2536388140156,-1568.7061994609157,6103.936711590296
-1913.9140161725068,-1569.4609164420472,6103.830296495958
-2407.574393530997,-1570.2156334231804,6103.723881401617
-2901.234770889489,-1570.9703504043118,6103.617466307277
-5369.5366576819415,-1574.7439353099708,6103.085390835579
-5863.197035040433,-1575.4986522911022,6102.978975741239
-6356.857412398924,-1576.2533692722354,6102.872560646901
-6850.517789757413,-1577.0080862533669,6102.76614555256
-7344.178167115905,-1577.762803234502,6102.659730458221
-7837.8385444743935,-1578.5175202156315,6102.553315363882
-8331.498921832885,-1579.2722371967648,6102.446900269541
-8825.159299191375,-1580.0269541778962,6102.340485175202
-9318.819676549865,-1580.7816711590276,6102.234070080862
-9812.480053908355,-1581.5363881401609,6102.127654986522
-10306.140431266846,-1582.2911051212923,6102.021239892183
-10799.800808625338,-1583.0458221024237,6101.914824797844
-11293.461185983826,-1583.800539083557,6101.8084097035035
-11787.121563342318,-1584.5552560646884,6101.701994609164
-12280.781940700808,-1585.3099730458198,6101.595579514825
-12774.442318059298,-1586.064690026953,6101.489164420485
-13268.102695417789,-1586.8194070080845,6101.382749326145
-13761.763072776279,-1587.5741239892177,6101.276334231806
-14255.423450134771,-1588.3288409703491,6101.169919137466
-14749.083827493263,-1589.0835579514824,6101.063504043126
-15242.744204851755,-1589.8382749326138,6100.957088948787
-15736.404582210243,-1590.5929919137452,6100.850673854447
-16230.064959568734,-1591.3477088948766,6100.744258760108
-16723.725336927226,-1592.1024258760099,6100.637843665768
-17217.385714285716,-1592.8571428571413,6100.5314285714285
8947.014285714287,-563.9571428571398,6106.1514285714275
8453.353908355797,-564.7118598382713,6106.045013477088
7959.693530997304,-565.4665768194045,6105.938598382748
7466.033153638816,-566.2212938005359,6105.832183288409
6972.372776280325,-566.9760107816692,6105.725768194069
6478.7123989218335,-567.7307277628006,6105.61935309973
5985.052021563343,-568.4854447439338,6105.5129380053895
5491.391644204852,-569.2401617250653,6105.40652291105
4997.731266846363,-569.9948787061985,6105.300107816711
4504.070889487871,-570.7495956873281,6105.193692722371
4010.410512129382,-571.5043126684614,6105.087277628031
3516.750134770891,-572.2590296495928,6104.980862533692
3023.0897574123996,-573.0137466307242,6104.8744474393525
2529.4293800539094,-573.7684636118574,6104.768032345013
2035.7690026954183,-574.5231805929889,6104.661617250674
1542.108625336929,-575.2778975741221,6104.5552021563335
1048.4482479784378,-576.0326145552535,6104.448787061994
554.7878706199475,-576.7873315363868,6104.342371967654
61.12749326145643,-577.5420485175182,6104.2359568733145
-432.5328840970329,-578.2967654986496,6104.129541778975
-926.1932614555241,-579.0514824797829,6104.023126684636
-1419.8536388140142,-579.8061994609161,6103.916711590296
-1913.5140161725053,-580.5609164420457,6103.810296495957
-2407.1743935309955,-581.315633423179,6103.703881401617
-2900.8347708894876,-582.0703504043086,6103.597466307277
-5369.136657681941,-585.8439353099711,6103.065390835579
-5862.797035040431,-586.5986522911026,6102.958975741239
-6356.457412398922,-587.353369272234,6102.8525606469
-6850.117789757412,-588.1080862533654,6102.74614555256
-7343.778167115902,-588.8628032344986,6102.639730458221
-7837.438544474394,-589.6175202156301,6102.533315363881
-8331.098921832883,-590.3722371967633,6102.426900269541
-8824.759299191373,-591.1269541778947,6102.320485175201
-9318.419676549864,-591.8816711590262,6102.214070080862
-9812.080053908354,-592.6363881401594,6102.107654986522
-10305.740431266846,-593.3911051212908,6102.001239892183
-10799.400808625334,-594.1458221024241,6101.894824797843
-11293.061185983825,-594.9005390835555,6101.788409703503
-11786.721563342317,-595.6552560646887,6101.681994609165
-12280.381940700807,-596.4099730458183,6101.575579514824
-12774.042318059299,-597.1646900269516,6101.469164420485
-13267.702695417787,-597.919407008083,6101.362749326145
-13761.363072776277,-598.6741239892144,6101.256334231805
-14255.02345013477,-599.4288409703477,6101.149919137465
-14748.683827493262,-600.1835579514791,6101.043504043126
-15242.344204851752,-600.9382749326105,6100.937088948786
-15736.004582210244,-601.6929919137438,6100.830673854446
-16229.664959568734,-602.4477088948752,6100.724258760108
-16723.325336927224,-603.2024258760084,6100.617843665767
-17216.985714285714,-603.9571428571398,6100.511428571428
8942.685714285713,2893.657142857144,6095.9685714285715
8449.025336927221,2892.902425876013,6095.862156334232
7955.364959568734,2892.1477088948795,6095.755741239893
7461.704582210242,2891.392991913748,6095.649326145553
6968.0442048517525,2890.6382749326167,6095.542911051213
6474.383827493261,2889.8835579514853,6095.436495956874
5980.723450134771,2889.12884097035,6095.3300808625345
5487.063072776281,2888.374123989219,6095.223665768194
4993.402695417791,2887.6194070080874,6095.117250673855
4499.7423180593005,2886.864690026954,6095.0108355795155
4006.081940700808,2886.1099730458227,6094.904420485176
3512.4215633423178,2885.3552560646913,6094.798005390837
3018.761185983827,2884.60053908356,6094.6915902964965
2525.1008086253364,2883.8458221024266,6094.585175202157
2031.4404312668462,2883.0911051212934,6094.478760107818
1537.780053908356,2882.3363881401638,6094.372345013478
1044.1196765498648,2881.5816711590305,6094.265929919138
550.4592991913747,2880.8269541778973,6094.159514824799
56.79892183288445,2880.072237196766,6094.053099730459
-436.8614555256058,2879.3175202156344,6093.946684636119
-930.5218328840969,2878.562803234501,6093.84026954178
-1424.1822102425872,2877.8080862533698,6093.73385444744
-1917.8425876010783,2877.0533692722383,6093.627439353101
-2411.5029649595685,2876.298652291105,6093.521024258761
-2905.1633423180606,2875.5439353099737,6093.414609164421
-5373.465229110512,2871.7703504043147,6092.882533692723
-5867.125606469003,2871.0156334231833,6092.776118598383
-6360.785983827494,2870.26091644205,6092.669703504044
-6854.446361185984,2869.5061994609187,6092.563288409704
-7348.106738544476,2868.7514824797836,6092.456873315365
-7841.767115902964,2867.996765498654,6092.350458221025
-8335.427493261457,2867.2420485175207,6092.244043126685
-8829.087870619947,2866.4873315363893,6092.137628032346
-9322.748247978438,2865.732614555258,6092.031212938005
-9816.408625336928,2864.9778975741247,6091.924797843666
-10310.069002695418,2864.2231805929932,6091.818382749327
-10803.72938005391,2863.468463611862,6091.711967654987
-11297.389757412398,2862.7137466307286,6091.605552560647
-11791.05013477089,2861.959029649597,6091.499137466308
-12284.71051212938,2861.2043126684657,6091.392722371968
-12778.370889487871,2860.4495956873325,6091.286307277629
-13272.031266846361,2859.694878706201,6091.179892183289
-13765.691644204851,2858.940161725068,6091.073477088949
-14259.352021563343,2858.1854447439364,6090.96706199461
-14753.012398921835,2857.430727762803,6090.86064690027
-15246.672776280328,2856.6760107816717,6090.75423180593
-15740.333153638816,2855.9212938005403,6090.647816711591
-16233.993530997306,2855.166576819409,6090.541401617252
-16727.6539083558,2854.4118598382756,6090.4349865229115
-17221.31428571429,2853.657142857144,6090.328571428572
8943.085714285715,3882.5571428571457,6095.948571428571
8449.425336927225,3881.8024258760142,6095.842156334232
7955.7649595687335,3881.047708894881,6095.7357412398915
7462.104582210245,3880.2929919137496,6095.629326145553
6968.444204851754,3879.5382749326163,6095.522911051213
6474.783827493263,3878.783557951485,6095.416495956873
5981.123450134773,3878.0288409703517,6095.310080862533
5487.4630727762815,3877.2741239892202,6095.203665768194
4993.802695417792,3876.519407008087,6095.097250673854
4500.1423180593,3875.7646900269574,6094.990835579515
4006.4819407008104,3875.009973045824,6094.884420485175
3512.821563342319,3874.2552560646927,6094.7780053908355
3019.161185983828,3873.5005390835613,6094.671590296496
2525.500808625338,3872.745822102428,6094.565175202157
2031.8404312668467,3871.9911051212966,6094.458760107817
1538.1800539083574,3871.2363881401634,6094.352345013477
1044.5196765498663,3870.481671159032,6094.245929919138
550.8592991913762,3869.7269541778987,6094.1395148247975
57.198921832885,3868.9722371967673,6094.033099730458
-436.4614555256043,3868.217520215636,6093.926684636119
-930.1218328840954,3867.4628032345026,6093.820269541779
-1423.7822102425857,3866.7080862533694,6093.713854447439
-1917.4425876010769,3865.95336927224,6093.607439353101
-2411.102964959567,3865.1986522911066,6093.5010242587605
-2904.763342318059,3864.443935309977,6093.39460916442
-5373.065229110512,3860.6703504043144,6092.8625336927225
-5866.725606469002,3859.915633423183,6092.756118598382
-6360.385983827493,3859.1609164420515,6092.649703504044
-6854.046361185982,3858.40619946092,6092.543288409704
-7347.7067385444725,3857.651482479787,6092.436873315364
-7841.3671159029645,3856.8967654986554,6092.330458221025
-8335.027493261456,3856.142048517522,6092.224043126685
-8828.687870619946,3855.387331536391,6092.117628032344
-9322.348247978436,3854.6326145552594,6092.011212938006
-9816.008625336926,3853.877897574126,6091.904797843666
-10309.669002695418,3853.1231805929947,6091.798382749326
-10803.329380053907,3852.3684636118614,6091.691967654987
-11296.989757412397,3851.61374663073,6091.585552560647
-11790.650134770889,3850.859029649597,6091.479137466308
-12284.31051212938,3850.104312668467,6091.372722371968
-12777.970889487871,3849.349595687334,6091.266307277629
-13271.63126684636,3848.5948787062025,6091.159892183288
-13765.29164420485,3847.840161725071,6091.053477088949
-14258.952021563342,3847.085444743938,6090.947061994609
-14752.612398921834,3846.3307277628064,6090.840646900269
-15246.272776280324,3845.576010781675,6090.73423180593
-15739.933153638816,3844.8212938005418,6090.62781671159
-16233.593530997307,3844.0665768194103,6090.521401617251
-16727.253908355797,3843.311859838277,6090.414986522911
-17220.914285714287,3842.5571428571457,6090.308571428572
8938.757142857143,7340.17142857143,6085.765714285714
8445.09676549865,7339.416711590298,6085.659299191375
7951.436388140162,7338.661994609165,6085.5528840970355
7457.77601078167,7337.907277628034,6085.446469002695
6964.115633423181,7337.152560646902,6085.340053908356
6470.45525606469,7336.397843665771,6085.233638814017
5976.7948787062,7335.643126684636,6085.127223719677
5483.134501347709,7334.888409703504,6085.020808625337
4989.474123989219,7334.133692722373,6084.914393530998
4495.813746630729,7333.37897574124,6084.807978436658
4002.1533692722364,7332.624258760108,6084.701563342319
3508.492991913746,7331.869541778977,6084.5951482479795
3014.8326145552555,7331.114824797845,6084.488733153639
2521.172237196765,7330.360107816712,6084.3823180593
2027.5118598382749,7329.605390835579,6084.275902964961
1533.8514824797846,7328.850673854449,6084.16948787062
1040.1911051212935,7328.095956873316,6084.063072776281
546.5307277628033,7327.341239892183,6083.956657681942
52.87035040431303,7326.586522911051,6083.850242587601
-440.7900269541772,7325.83180592992,6083.743827493262
-934.4504043126683,7325.077088948787,6083.637412398923
-1428.1107816711585,7324.322371967655,6083.530997304582
-1921.7711590296497,7323.567654986524,6083.424582210244
-2415.43153638814,7322.812938005391,6083.318167115904
-2909.091913746632,7322.058221024259,6083.211752021563
-5377.393800539084,7318.2846361186,6082.679676549866
-5871.054177897575,7317.529919137469,6082.573261455525
-6364.714555256066,7316.775202156336,6082.466846361187
-6858.374932614555,7316.020485175204,6082.360431266847
-7352.035309973047,7315.265768194069,6082.254016172507
-7845.695687331536,7314.5110512129395,6082.147601078168
-8339.356064690028,7313.756334231806,6082.041185983828
-8833.016442048518,7313.001617250675,6081.934770889488
-9326.676819407008,7312.246900269543,6081.828355795148
-9820.337196765498,7311.49218328841,6081.721940700809
-10313.997574123989,7310.737466307279,6081.615525606469
-10807.65795148248,7309.982749326147,6081.50911051213
-11301.31832884097,7309.228032345014,6081.40269541779
-11794.978706199461,7308.473315363883,6081.29628032345
-12288.639083557951,7307.718598382751,6081.189865229111
-12782.299460916442,7306.963881401618,6081.083450134772
-13275.959838274932,7306.209164420487,6080.9770350404315
-13769.620215633422,7305.454447439353,6080.870619946092
-14263.280592991914,7304.699730458222,6080.764204851753
-14756.940970350406,7303.945013477089,6080.6577897574125
-15250.601347708898,7303.190296495957,6080.551374663073
-15744.261725067387,7302.435579514826,6080.444959568734
-16237.922102425877,7301.680862533694,6080.338544474394
-16731.58247978437,7300.926145552561,6080.232129380054
-17225.24285714286,7300.17142857143,6080.125714285715
8939.157142857144,8329.071428571431,6085.745714285714
8445.496765498654,8328.3167115903,6085.639299191374
7951.836388140162,8327.561994609167,6085.532884097034
7458.1760107816735,8326.807277628035,6085.426469002696
6964.515633423182,8326.052560646902,6085.3200539083555
6470.855256064691,8325.29784366577,6085.213638814016
5977.194878706201,8324.543126684637,6085.107223719676
5483.53450134771,8323.788409703506,6085.0008086253365
4989.874123989221,8323.033692722373,6084.894393530997
4496.213746630729,8322.278975741243,6084.787978436658
4002.553369272239,8321.52425876011,6084.6815633423175
3508.8929919137477,8320.769541778978,6084.575148247978
3015.2326145552565,8320.014824797847,6084.468733153639
2521.5722371967663,8319.260107816714,6084.3623180592995
2027.9118598382754,8318.505390835582,6084.25590296496
1534.251482479786,8317.750673854449,6084.14948787062
1040.591105121295,8316.995956873317,6084.0430727762805
546.9307277628047,8316.241239892184,6083.93665768194
53.270350404313575,8315.486522911053,6083.830242587601
-440.39002695417577,8314.731805929921,6083.7238274932615
-934.0504043126668,8313.977088948788,6083.617412398922
-1427.710781671157,8313.222371967655,6083.510997304582
-1921.3711590296482,8312.467654986525,6083.4045822102435
-2415.0315363881386,8311.712938005392,6083.298167115903
-2908.6919137466307,8310.958221024262,6083.191752021563
-5376.993800539083,8307.1846361186,6082.659676549865
-5870.654177897573,8306.429919137468,6082.553261455525
-6364.3145552560645,8305.675202156337,6082.4468463611865
-6857.974932614554,8304.920485175206,6082.340431266846
-7351.635309973044,8304.165768194072,6082.234016172507
-7845.295687331536,8303.411051212941,6082.127601078168
-8338.956064690026,8302.656334231808,6082.021185983827
-8832.616442048517,8301.901617250676,6081.914770889487
-9326.276819407007,8301.146900269545,6081.808355795149
-9819.937196765497,8300.392183288412,6081.701940700808
-10313.597574123989,8299.63746630728,6081.595525606469
-10807.257951482477,8298.882749326147,6081.48911051213
-11300.918328840968,8298.128032345016,6081.382695417789
-11794.57870619946,8297.373315363882,6081.276280323451
-12288.23908355795,8296.618598382753,6081.169865229111
-12781.899460916442,8295.86388140162,6081.063450134771
-13275.55983827493,8295.109164420488,6080.957035040431
-13769.22021563342,8294.354447439357,6080.850619946092
-14262.880592991913,8293.599730458223,6080.744204851751
-14756.540970350405,8292.845013477092,6080.637789757412
-15250.201347708895,8292.09029649596,6080.531374663073
-15743.861725067387,8291.335579514827,6080.424959568732
-16237.522102425877,8290.580862533696,6080.318544474394
-16731.18247978437,8289.826145552563,6080.212129380054
-17224.84285714286,8289.071428571431,6080.105714285714
8934.82857142857,11786.685714285719,6075.562857142857
8441.168194070078,11785.930997304587,6075.456442048518
7947.507816711591,11785.176280323454,6075.350026954178
7453.847439353099,11784.421563342323,6075.243611859838
6960.187061994609,11783.666846361191,6075.137196765499
6466.526684636118,11782.91212938006,6075.030781671159
5972.866307277628,11782.157412398925,6074.92436657682
5479.205929919138,11781.402695417793,6074.81795148248
4985.545552560648,11780.647978436662,6074.71153638814
4491.885175202157,11779.893261455529,6074.605121293801
3998.2247978436653,11779.138544474397,6074.498706199462
3504.564420485175,11778.383827493266,6074.392291105122
3010.9040431266844,11777.629110512135,6074.285876010782
2517.2436657681938,11776.874393531001,6074.179460916443
2023.5832884097033,11776.119676549868,6074.073045822103
1529.922911051213,11775.364959568738,6073.966630727763
1036.262533692722,11774.610242587605,6073.860215633424
542.6021563342318,11773.855525606472,6073.753800539084
48.9417789757416,11773.10080862534,6073.647385444744
-444.7185983827486,11772.346091644209,6073.540970350405
-938.3789757412397,11771.591374663076,6073.434555256065
-1432.03935309973,11770.836657681944,6073.328140161725
-1925.6997304582212,11770.081940700813,6073.221725067387
-2419.360107816711,11769.32722371968,6073.115309973046
-2913.0204851752032,11768.572506738548,6073.008894878706
-5381.322371967655,11764.79892183289,6072.476819407008
-5874.982749326146,11764.044204851758,6072.370404312668
-6368.6431266846375,11763.289487870625,6072.26398921833
-6862.303504043127,11762.534770889493,6072.157574123989
-7355.963881401619,11761.780053908358,6072.05115902965
-7849.624258760107,11761.025336927229,6071.944743935311
-8343.2846361186,11760.270619946095,6071.8383288409705
-8836.94501347709,11759.515902964964,6071.731913746631
-9330.60539083558,11758.761185983833,6071.625498652291
-9824.265768194071,11758.0064690027,6071.5190835579515
-10317.926145552561,11757.251752021568,6071.412668463612
-10811.586522911053,11756.497035040436,6071.306253369273
-11305.246900269542,11755.742318059303,6071.1998382749325
-11798.907277628034,11754.987601078172,6071.093423180593
-12292.567654986524,11754.23288409704,6070.987008086254
-12786.228032345014,11753.478167115907,6070.880592991914
-13279.888409703504,11752.723450134776,6070.774177897574
-13773.548787061995,11751.968733153642,6070.667762803235
-14267.209164420487,11751.214016172511,6070.5613477088955
-14760.869541778979,11750.459299191378,6070.454932614555
-15254.52991913747,11749.704582210246,6070.348517520216
-15748.190296495959,11748.949865229115,6070.2421024258765
-16241.85067385445,11748.195148247984,6070.135687331537
-16735.51105121294,11747.44043126685,6070.029272237197
-17229.17142857143,11746.685714285719,6069.9228571428575
8935.228571428572,12775.58571428572,6075.5428571428565
8441.568194070082,12774.830997304589,6075.436442048517
7947.90781671159,12774.076280323456,6075.330026954177
7454.247439353102,12773.321563342324,6075.2236118598385
6960.587061994611,12772.566846361191,6075.117196765498
6466.92668463612,12771.81212938006,6075.010781671159
5973.2663072776295,12771.057412398926,6074.904366576819
5479.605929919138,12770.302695417795,6074.797951482479
4985.945552560649,12769.547978436662,6074.69153638814
4492.285175202157,12768.793261455532,6074.5851212938005
3998.6247978436677,12768.038544474399,6074.47870619946
3504.9644204851766,12767.283827493267,6074.372291105121
3011.3040431266854,12766.529110512136,6074.2658760107815
2517.643665768195,12765.774393531003,6074.159460916442
2023.9832884097038,12765.019676549871,6074.053045822103
1530.3229110512145,12764.264959568738,6073.946630727763
1036.6625336927234,12763.510242587607,6073.840215633423
543.0021563342333,12762.755525606473,6073.733800539083
49.341778975742145,12762.000808625342,6073.627385444744
-444.31859838274715,12761.24609164421,6073.520970350404
-937.9789757412383,12760.491374663077,6073.414555256065
-1431.6393530997286,12759.736657681944,6073.308140161725
-1925.2997304582198,12758.981940700814,6073.201725067386
-2418.9601078167098,12758.227223719681,6073.095309973046
-2912.620485175202,12757.472506738552,6072.988894878706
-5380.922371967655,12753.698921832889,6072.456819407008
-5874.582749326145,12752.944204851758,6072.350404312668
-6368.243126684636,12752.189487870626,6072.243989218329
-6861.903504043125,12751.434770889495,6072.137574123989
-7355.563881401616,12750.680053908362,6072.03115902965
-7849.224258760108,12749.92533692723,6071.92474393531
-8342.884636118599,12749.170619946097,6071.81832884097
-8836.545013477089,12748.415902964965,6071.71191374663
-9330.20539083558,12747.661185983834,6071.605498652291
-9823.86576819407,12746.9064690027,6071.499083557951
-10317.526145552562,12746.15175202157,6071.392668463612
-10811.18652291105,12745.397035040436,6071.286253369272
-11304.84690026954,12744.642318059305,6071.179838274932
-11798.507277628032,12743.887601078171,6071.073423180594
-12292.167654986522,12743.132884097042,6070.967008086253
-12785.828032345014,12742.378167115909,6070.860592991914
-13279.488409703503,12741.623450134777,6070.754177897574
-13773.148787061993,12740.868733153646,6070.647762803234
-14266.809164420485,12740.114016172512,6070.541347708894
-14760.469541778977,12739.359299191381,6070.434932614555
-15254.129919137467,12738.60458221025,6070.328517520215
-15747.79029649596,12737.849865229116,6070.222102425875
-16241.45067385445,12737.095148247985,6070.115687331537
-16735.111051212938,12736.340431266852,6070.0092722371965
-17228.77142857143,12735.58571428572,6069.902857142857
8930.9,16233.200000000004,6065.36
8437.239622641508,16232.445283018873,6065.25358490566
7943.579245283019,16231.69056603774,6065.147169811321
7449.918867924527,16230.935849056608,6065.040754716981
6956.258490566038,16230.181132075477,6064.934339622641
6462.598113207547,16229.426415094345,6064.827924528302
5968.9377358490565,16228.67169811321,6064.721509433963
5475.277358490566,16227.916981132079,6064.615094339622
4981.616981132076,16227.162264150948,6064.508679245283
4487.956603773586,16226.407547169814,6064.402264150944
3994.2962264150938,16225.652830188683,6064.295849056604
3500.6358490566035,16224.898113207551,6064.189433962265
3006.975471698113,16224.14339622642,6064.083018867925
2513.315094339622,16223.388679245287,6063.976603773585
2019.654716981132,16222.633962264154,6063.870188679246
1525.9943396226417,16221.879245283024,6063.763773584906
1032.3339622641506,16221.12452830189,6063.657358490566
538.6735849056604,16220.369811320757,6063.550943396227
45.01320754717017,16219.615094339626,6063.444528301887
-448.64716981132005,16218.860377358495,6063.338113207547
-942.3075471698112,16218.105660377361,6063.231698113208
-1435.9679245283014,16217.35094339623,6063.125283018868
-1929.6283018867925,16216.596226415098,6063.018867924529
-2423.2886792452828,16215.841509433965,6062.912452830189
-2916.949056603775,16215.086792452834,6062.806037735849
-5385.250943396227,16211.313207547175,6062.273962264151
-5878.911320754718,16210.558490566043,6062.167547169811
-6372.571698113209,16209.80377358491,6062.061132075472
-6866.232075471698,16209.049056603779,6061.954716981132
-7359.89245283019,16208.294339622644,6061.848301886793
-7853.552830188679,16207.539622641514,6061.741886792453
-8347.21320754717,16206.78490566038,6061.635471698113
-8840.873584905661,16206.03018867925,6061.529056603774
-9334.533962264151,16205.275471698118,6061.422641509434
-9828.194339622642,16204.520754716985,6061.316226415094
-10321.854716981132,16203.766037735853,6061.209811320755
-10815.515094339624,16203.011320754722,6061.1033962264155
-11309.175471698112,16202.256603773589,6060.996981132075
-11802.835849056604,16201.501886792457,6060.890566037736
-12296.496226415094,16200.747169811326,6060.7841509433965
-12790.156603773585,16199.992452830193,6060.677735849057
-13283.816981132075,16199.237735849061,6060.571320754717
-13777.477358490565,16198.483018867928,6060.464905660378
-14271.137735849057,16197.728301886797,6060.358490566038
-14764.79811320755,16196.973584905663,6060.252075471698
-15258.458490566041,16196.218867924532,6060.145660377359
-15752.11886792453,16195.4641509434,6060.039245283019
-16245.77924528302,16194.709433962269,6059.93283018868
-16739.439622641512,16193.954716981136,6059.82641509434
-17233.100000000002,16193.200000000004,6059.72
8931.300000000001,17222.100000000006,6065.339999999999
8437.63962264151,17221.345283018876,6065.23358490566
7943.979245283019,17220.59056603774,6065.12716981132
7450.31886792453,17219.83584905661,6065.020754716981
6956.658490566039,17219.081132075476,6064.914339622641
6462.998113207548,17218.326415094343,6064.807924528302
5969.337735849058,17217.571698113214,6064.701509433961
5475.677358490567,17216.81698113208,6064.595094339622
4982.0169811320775,17216.062264150947,6064.488679245283
4488.356603773585,17215.307547169818,6064.382264150943
3994.696226415096,17214.552830188684,6064.275849056603
3501.035849056605,17213.79811320755,6064.169433962264
3007.375471698114,17213.04339622642,6064.063018867924
2513.7150943396236,17212.28867924529,6063.956603773585
2020.0547169811325,17211.533962264155,6063.850188679246
1526.3943396226432,17210.779245283025,6063.743773584905
1032.733962264152,17210.024528301892,6063.637358490566
539.0735849056618,17209.26981132076,6063.530943396226
45.413207547170714,17208.51509433963,6063.424528301886
-448.2471698113186,17207.760377358496,6063.318113207547
-941.9075471698097,17207.005660377363,6063.211698113208
-1435.5679245283,17206.25094339623,6063.105283018867
-1929.228301886791,17205.4962264151,6062.998867924529
-2422.8886792452813,17204.741509433967,6062.892452830189
-2916.5490566037734,17203.986792452837,6062.786037735848
-5384.850943396226,17200.213207547175,6062.253962264151
-5878.5113207547165,17199.458490566045,6062.14754716981
-6372.171698113208,17198.70377358491,6062.041132075472
-6865.832075471697,17197.94905660378,6061.934716981132
-7359.492452830187,17197.19433962265,6061.828301886792
-7853.152830188679,17196.439622641516,6061.721886792453
-8346.81320754717,17195.684905660382,6061.615471698113
-8840.47358490566,17194.930188679253,6061.5090566037725
-9334.13396226415,17194.17547169812,6061.402641509434
-9827.79433962264,17193.420754716986,6061.296226415094
-10321.454716981132,17192.666037735857,6061.189811320754
-10815.11509433962,17191.91132075472,6061.083396226415
-11308.77547169811,17191.15660377359,6060.976981132075
-11802.435849056603,17190.401886792457,6060.870566037736
-12296.096226415093,17189.647169811327,6060.764150943396
-12789.756603773585,17188.892452830194,6060.657735849057
-13283.416981132073,17188.137735849064,6060.5513207547165
-13777.077358490564,17187.38301886793,6060.444905660377
-14270.737735849056,17186.628301886798,6060.338490566037
-14764.398113207548,17185.87358490567,6060.2320754716975
-15258.058490566038,17185.118867924535,6060.125660377358
-15751.71886792453,17184.364150943402,6060.019245283018
-16245.37924528302,17183.609433962272,6059.912830188679
-16739.03962264151,17182.854716981135,6059.806415094339
-17232.7,17182.100000000006,6059.7
